<?xml version="1.0" encoding="utf-8"?>
<layer-list xmlns:android="http://schemas.android.com/apk/res/android">

    <item android:top="-5dp">
        <shape android:shape="rectangle">
            <corners
                android:bottomRightRadius="35dp"
                android:bottomLeftRadius="35dp"/>

            <solid
                android:color="@android:color/transparent"/>

            <stroke
                android:color="@color/grey"
                android:width="3dp"/>
        </shape>
    </item>

    <item android:top="-5dp" android:bottom="2dp">
        <shape android:shape="rectangle">

            <corners
                android:bottomRightRadius="35dp"
                android:bottomLeftRadius="35dp"/>

            <solid
                android:color="@android:color/transparent"/>

            <stroke
                android:color="@color/white"
                android:width="3dp"/>

        </shape>
    </item>
</layer-list>