<?xml version="1.0" encoding="utf-8"?>
<vector xmlns:android="http://schemas.android.com/apk/res/android"
    xmlns:appt="http://schemas.android.com/aapt"
    android:width="472.000000dp"
    android:height="150.000000dp"
    android:viewportWidth="472.000000"
    android:viewportHeight="150.000000">

    <group
        android:translateY="150.000000"
        android:scaleX="0.100000"
        android:scaleY="-0.100000">
        <path
            android:pathData="M535 1454 c-91 -16 -248 -65 -315 -97 -41 -20 -48 -29 -82 -107 -132 -306 -128 -675 13 -1016 30 -71 30 -72 97 -102 331 -148 737 -150 1048 -7 l72 33 31 82 c122 316 128 630 18 945 -50 140 -52 144 -120 175 -89 40 -208 75 -316 94 -116 20 -335 20 -446 0z m536 -57 c145 -38 247 -84 269 -120 31 -50 87 -236 106 -346 13 -79 15 -139 11 -255 -6 -168 -29 -280 -87 -421 -33 -77 -34 -78 -94 -105 -142 -64 -317 -100 -491 -100 -181 0 -328 30 -502 102 l-72 29 -32 77 c-17 42 -45 129 -62 192 -30 110 -31 124 -31 315 0 184 2 208 26 295 14 52 40 128 58 168 37 82 58 97 193 142 153 50 229 60 427 56 158 -3 199 -7 281 -29z" >

            <appt:attr name="android:fillColor">

                <gradient
                    android:gradientRadius="3500"
                    android:type="radial"
                    android:angle="0"
                    android:endColor="#1485D1"
                    android:startColor="#005FAF" />

            </appt:attr>

        </path>

        <path
            android:pathData="M707 1329 c-110 -26 -177 -108 -177 -219 0 -67 18 -106 79 -174 110 -122 131 -185 137 -421 3 -118 7 -151 18 -153 11 -2 15 30 18 180 6 222 17 262 107 359 79 87 104 139 104 214 0 105 -55 180 -155 210 -57 17 -75 17 -131 4z" >
            <appt:attr name="android:fillColor">

                <gradient
                    android:gradientRadius="3500"
                    android:type="radial"
                    android:angle="0"
                    android:startColor="#005FAF"
                    android:endColor="#1485D1"
                    />

            </appt:attr>

        </path>

        <path
            android:pathData="M391 967 c-45 -14 -96 -67 -105 -107 -10 -55 -7 -120 9 -150 18 -35 64 -60 155 -85 146 -40 220 -102 242 -204 7 -37 17 -61 25 -61 10 0 13 29 13 124 0 260 -60 414 -185 472 -53 25 -99 29 -154 11z" >
            <appt:attr name="android:fillColor">

                <gradient
                    android:gradientRadius="3500"
                    android:type="radial"
                    android:angle="0"
                    android:startColor="#005FAF"
                    android:endColor="#1485D1"
                    />

            </appt:attr>

        </path>

        <path
            android:pathData="M996 965 c-75 -27 -152 -127 -182 -239 -8 -28 -17 -122 -21 -208 -6 -154 -6 -158 14 -158 17 0 21 8 25 44 13 109 77 169 231 217 56 17 116 42 134 55 71 54 64 184 -14 255 -51 48 -116 59 -187 34z" >
            <appt:attr name="android:fillColor">

                <gradient
                    android:gradientRadius="3500"
                    android:type="radial"
                    android:angle="0"
                    android:startColor="#005FAF"
                    android:endColor="#1485D1"
                    />

            </appt:attr>

        </path>

        <path
            android:pathData="M275 635 c-27 -63 -12 -127 40 -175 26 -24 31 -25 155 -22 l128 2 26 -31 c14 -17 26 -35 26 -40 0 -14 30 -11 31 4 5 60 -27 127 -81 166 -24 17 -80 39 -140 56 -56 15 -117 38 -136 51 l-35 24 -14 -35z" >
            <appt:attr name="android:fillColor">

                <gradient
                    android:gradientRadius="3500"
                    android:type="radial"
                    android:angle="0"
                    android:startColor="#005FAF"
                    android:endColor="#1485D1"
                    />

            </appt:attr>

        </path>

        <path
            android:pathData="M1208 651 c-10 -10 -64 -32 -121 -49 -131 -40 -188 -77 -221 -144 -43 -87 -26 -137 21 -63 28 42 65 51 152 35 96 -17 166 5 201 63 24 38 26 94 6 142 -17 40 -15 39 -38 16z" >
            <appt:attr name="android:fillColor">

                <gradient
                    android:gradientRadius="3500"
                    android:type="radial"
                    android:angle="0"
                    android:startColor="#005FAF"
                    android:endColor="#1485D1"
                    />

            </appt:attr>

        </path>

        <path
            android:pathData="M382 273 c-28 -73 -24 -87 24 -97 28 -6 32 -4 38 19 8 30 1 45 -20 45 -11 0 -13 -6 -9 -20 4 -11 2 -20 -4 -20 -14 0 -14 40 0 60 8 11 12 12 16 3 8 -20 33 -15 33 6 0 39 -63 42 -78 4z" >
            <appt:attr name="android:fillColor">

                <gradient
                    android:gradientRadius="3500"
                    android:type="radial"
                    android:angle="0"
                    android:startColor="#005FAF"
                    android:endColor="#1485D1"
                    />

            </appt:attr>

        </path>

        <path
            android:pathData="M1084 292 c-5 -4 -8 -35 -6 -69 3 -48 7 -61 18 -56 8 3 14 11 14 19 0 17 16 19 26 3 4 -7 10 -7 16 -1 7 7 1 26 -17 56 -30 51 -37 58 -51 48z" >
            <appt:attr name="android:fillColor">

                <gradient
                    android:gradientRadius="3500"
                    android:type="radial"
                    android:angle="0"
                    android:startColor="#005FAF"
                    android:endColor="#1485D1"
                    />

            </appt:attr>

        </path>

        <path
            android:pathData="M496 268 c-13 -43 -24 -103 -20 -110 10 -16 24 -8 30 17 9 35 24 31 24 -5 0 -33 15 -41 24 -12 15 52 17 89 4 99 -24 19 -58 25 -62 11z m44 -38 c0 -5 -4 -10 -10 -10 -5 0 -10 5 -10 10 0 6 5 10 10 10 6 0 10 -4 10 -10z" >
            <appt:attr name="android:fillColor">

                <gradient
                    android:gradientRadius="3500"
                    android:type="radial"
                    android:angle="0"
                    android:startColor="#005FAF"
                    android:endColor="#1485D1"
                    />

            </appt:attr>

        </path>

        <path
            android:strokeWidth="1"
            android:pathData="M977 263 c-10 -10 -8 -58 3 -88 8 -21 16 -26 38 -23 19 2 28 9 30 26 2 12 -1 22 -7 22 -6 0 -11 -7 -11 -16 0 -27 -24 -9 -31 24 -7 36 -2 47 17 31 14 -12 29 4 19 21 -7 11 -48 14 -58 3z" >
            <appt:attr name="android:fillColor">

                <gradient
                    android:gradientRadius="3500"
                    android:type="radial"
                    android:angle="0"
                    android:startColor="#005FAF"
                    android:endColor="#1485D1"
                    />

            </appt:attr>

        </path>

        <path
            android:pathData="M597 208 c-4 -32 -2 -57 4 -65 17 -19 57 -16 69 6 12 24 13 101 1 101 -12 0 -21 -26 -21 -61 0 -20 -5 -29 -16 -29 -13 0 -15 8 -9 50 6 40 4 50 -8 50 -10 0 -16 -16 -20 -52z" >
            <appt:attr name="android:fillColor">

                <gradient
                    android:gradientRadius="3500"
                    android:type="radial"
                    android:angle="0"
                    android:startColor="#005FAF"
                    android:endColor="#1485D1"
                    />

            </appt:attr>

        </path>

        <path
            android:pathData="M877 253 c-14 -4 -17 -11 -13 -34 3 -16 9 -42 12 -59 6 -32 22 -37 55 -19 18 9 20 17 14 52 -6 37 -28 69 -44 66 -3 -1 -14 -3 -24 -6z m33 -33 c0 -5 -2 -10 -4 -10 -3 0 -8 5 -11 10 -3 6 -1 10 4 10 6 0 11 -4 11 -10z m10 -50 c0 -5 -4 -10 -10 -10 -5 0 -10 5 -10 10 0 6 5 10 10 10 6 0 10 -4 10 -10z" >
            <appt:attr name="android:fillColor">

                <gradient
                    android:gradientRadius="3500"
                    android:type="radial"
                    android:angle="0"
                    android:startColor="#005FAF"
                    android:endColor="#1485D1"
                    />

            </appt:attr>

        </path>

        <path
            android:pathData="M717 243 c-10 -10 -8 -123 2 -123 5 0 11 10 14 23 4 12 16 27 29 32 29 13 35 45 12 62 -19 14 -47 17 -57 6z m43 -33 c0 -5 -4 -10 -10 -10 -5 0 -10 5 -10 10 0 6 5 10 10 10 6 0 10 -4 10 -10z" >
            <appt:attr name="android:fillColor">

                <gradient
                    android:gradientRadius="3500"
                    android:type="radial"
                    android:angle="0"
                    android:startColor="#005FAF"
                    android:endColor="#1485D1"
                    />

            </appt:attr>

        </path>

        <path
            android:pathData="M1906 1188 c-112 -214 -107 -198 -56 -198 35 0 41 -3 36 -17 -3 -10 -48 -189 -101 -398 -53 -209 -98 -388 -101 -397 -5 -17 14 -18 308 -18 340 0 385 5 479 56 70 38 146 119 182 194 27 56 31 76 32 145 0 70 -4 86 -27 127 -16 25 -43 59 -60 73 -22 18 -29 28 -20 32 32 13 112 86 141 129 93 142 73 311 -45 380 -79 47 -135 54 -421 54 l-262 0 -85 -162z m489 -170 c35 -16 42 -50 16 -91 -27 -44 -58 -57 -137 -57 -58 0 -65 2 -60 18 3 9 10 45 17 80 l12 62 63 0 c35 0 75 -5 89 -12z m-63 -388 c33 -25 39 -49 22 -88 -22 -52 -66 -72 -163 -72 -82 0 -83 0 -77 23 3 12 13 52 23 90 l17 67 77 0 c61 0 81 -4 101 -20z" >
            <appt:attr name="android:fillColor">

                <gradient
                    android:gradientRadius="3500"
                    android:type="radial"
                    android:angle="0"
                    android:startColor="#005FAF"
                    android:endColor="#1485D1"
                    />

            </appt:attr>

        </path>

        <path
            android:pathData="M3613 1339 c-7 -7 -61 -12 -140 -13 -116 -1 -137 -5 -223 -34 -280 -97 -463 -302 -516 -579 -18 -94 -18 -152 1 -230 42 -176 155 -291 335 -339 79 -21 262 -24 338 -5 l52 13 90 186 c50 102 90 187 90 189 0 2 -28 -11 -61 -28 -64 -32 -168 -59 -230 -59 -55 0 -136 28 -173 60 -76 67 -100 201 -54 302 52 112 151 178 280 186 94 6 160 -10 234 -54 31 -19 58 -34 59 -34 5 0 186 322 183 324 -15 11 -240 126 -246 126 -4 0 -13 -5 -19 -11z" >
            <appt:attr name="android:fillColor">

                <gradient
                    android:gradientRadius="3500"
                    android:type="radial"
                    android:angle="0"
                    android:startColor="#005FAF"
                    android:endColor="#1485D1"
                    />

            </appt:attr>

        </path>

        <path
            android:pathData="M3952 1178 l-91 -173 44 -3 45 -3 -210 -420 -210 -419 208 0 208 0 40 97 40 98 127 3 127 3 0 -101 0 -100 194 0 194 0 -4 58 c-4 55 -54 1084 -54 1116 0 14 -32 16 -284 16 l-283 0 -91 -172z m328 -388 l0 -150 -65 0 c-36 0 -65 2 -65 5 0 3 23 60 51 128 28 67 55 132 60 145 5 12 11 22 14 22 3 0 5 -67 5 -150z" >
            <appt:attr name="android:fillColor">

                <gradient
                    android:gradientRadius="3500"
                    android:type="radial"
                    android:angle="0"
                    android:startColor="#005FAF"
                    android:endColor="#1485D1"
                    />

            </appt:attr>

        </path>

    </group>
</vector>